id,firstname,lastname,age
1,SAMBATH,Theara,22
2,JOHN,Doe,30
3,JANE,Smith,25
4,DAVID,Johnson,40
5,EMILY,Brown,35
6,MICHAEL,Jackson,28
7,SARAH,Miller,33
8,CHRISTOPHER,Davis,29
9,JESSICA,Wilson,45
10,MATTHEW,Taylor,27
11,AMANDA,Anderson,31
12,JAMES,Thomas,39
13,ASHLEY,Jones,26
14,ROBERT,Martin,38
15,JENNIFER,White,32
16,DANIEL,Thompson,37
17,LISA,Garcia,23
18,ANTHONY,Martinez,36
19,KAREN,Robinson,41
20,NICHOLAS,Clark,34
21,MELISSA,Rodriguez,24
22,RYAN,Lewis,42
23,KIMBERLY,Lee,29
24,JUSTIN,Walker,31
25,LAURA,Hall,40
26,KEVIN,Allen,27
27,AMY,Young,35
28,BRIAN,Hernandez,38
29,KELLY,King,26
30,ERIC,Wright,33
31,STEPHANIE,Lopez,22
32,SCOTT,Hill,39
33,REBECCA,Scott,30
34,GARY,Green,37
35,TIFFANY,Adams,28
36,JASON,Baker,36
37,TAMMY,Gonzalez,25
38,BRADLEY,Nelson,41
39,HEATHER,Carter,34
40,RONALD,Mitchell,23
41,ANGELA,Perez,32
42,JOSHUA,Roberts,30
43,CHRISTINA,Turner,31
44,KATHRYN,Phillips,29
45,SEAN,Campbell,35
46,JACOB,Parker,28
47,ALICE,Evans,33
48,JORDAN,Edwards,26
49,BILLY,Collins,38
50,BRIANNA,Stewart,27
51,GREGORY,Sanchez,42
52,OLIVIA,Morris,24
53,AUSTIN,Rogers,37
54,ANDREA,Reed,39
55,KYLE,Cook,22
56,DIANE,Morgan,40
57,ROBIN,Bell,31
58,JULIE,Murphy,35
59,GABRIEL,Cooper,30
60,VICTORIA,Ross,36
61,ALEXANDER,Hughes,28
62,ANNIE,Flores,34
63,JEREMY,Washington,25
64,LOUIS,Butler,39
65,PHILLIP,Simmons,33
66,JOEL,Foster,41
67,LUCAS,Gonzales,26
68,EVELYN,Bryant,32
69,MONIQUE,Alexander,38
70,TRAVIS,Russell,27
71,CYNTHIA,Griffin,23
72,COURTNEY,Diaz,29
73,PHILIP,Hayes,37
74,LESLIE,Myers,30
75,TERESA,Ford,35
76,ALEXIS,Harrison,28
77,JEFFREY,Fisher,36
78,DERRICK,Marshall,31
79,FRANCES,Ortiz,40
80,MARTIN,Gomez,33
81,MELANIE,Murray,22
82,DEAN,Gibson,39
83,TARA,Wallace,26
84,HENRY,Stevens,34
85,MAUREEN,Palmer,42
86,JENNIFER,Holmes,27
87,DALE,Rice,29
88,JOHNNY,Barnes,38
89,DIANA,Carroll,32
90,SHERRY,Watkins,35
91,MARVIN,Crawford,31
92,KRISTIN,Bailey,36
93,DOUGLAS,Obrien,25
94,VINCENT,Hogan,40
95,BRENDA,Atkinson,23
96,JOANNE,Maxwell,30
97,RAY,Parsons,37
98,KURT,Woods,28
99,TOMMY,Franklin,41
100,MEGAN,Morrison,33
101,ALEXANDER,Cooper,39
102,JOSEPH,Hughes,24
103,SAMANTHA,Flores,33
104,BRANDON,Washington,26
105,ELIZABETH,Butler,40
106,RYAN,Simmons,34
107,JENNIFER,Foster,42
108,MICHELLE,Gonzales,27
109,DAVID,Bryant,31
110,AMY,Alexander,39
111,DANIEL,Russell,22
112,LAUREN,Griffin,40
113,MICHAEL,Diaz,32
114,ASHLEY,Hayes,36
115,CHRISTOPHER,Myers,23
116,AMANDA,Ford,29
117,JAMES,Harrison,37
118,KIMBERLY,Fisher,30
119,BRIAN,Marshall,35
120,ASHLEY,Ortiz,28
121,ROBERT,Gomez,36
122,MICHELLE,Murray,41
123,RYAN,Gibson,24
124,HEATHER,Wallace,33
125,JOHN,Stevens,42
126,SARAH,Palmer,25
127,CHRISTINA,Holmes,31
128,JASON,Rice,40
129,AMBER,Barnes,32
130,DAVID,Carroll,39
131,AMY,Watkins,22
132,JAMES,Crawford,41
133,NICOLE,Bailey,34
134,JONATHAN,Obrien,27
135,COURTNEY,Hogan,23
136,ANTHONY,Atkinson,30
137,STEPHANIE,Maxwell,37
138,ERIC,Parsons,28
139,LAURA,Woods,38
140,BRANDON,Franklin,35
141,MEGAN,Morrison,24
142,SAMBATH,Cooper,33
143,JOHN,Hughes,40
144,JANE,Flores,25
145,DAVID,Washington,34
146,EMILY,Butler,42
147,MICHAEL,Simmons,27
148,SARAH,Foster,31
149,CHRISTOPHER,Gonzales,39
150,JESSICA,Bryant,22
151,MATTHEW,Alexander,41
152,AMANDA,Russell,32
153,JAMES,Griffin,23
154,ASHLEY,Diaz,30
155,ROBERT,Hayes,37
156,JENNIFER,Myers,28
157,DANIEL,Ford,36
158,ASHLEY,Harrison,25
159,CHRISTOPHER,Fisher,33
160,BRIAN,Marshall,40
161,ASHLEY,Ortiz,26
162,ROBERT,Gomez,35
163,JENNIFER,Murray,24
164,ASHLEY,Gibson,31
165,MICHELLE,Wallace,38
166,RYAN,Stevens,37
167,HEATHER,Palmer,22
168,JOHN,Holmes,41
169,SARAH,Rice,34
170,CHRISTINA,Barnes,29
171,JASON,Carroll,39
172,AMBER,Watkins,23
173,DAVID,Crawford,30
174,AMY,Bailey,35
175,JAMES,Obrien,26
176,NICOLE,Hogan,32
177,COURTNEY,Atkinson,40
178,ANTHONY,Maxwell,25
179,STEPHANIE,Parsons,31
180,ERIC,Woods,38
181,LAURA,Franklin,27
182,BRANDON,Morrison,42
183,MEGAN,Cooper,22
184,SAMBATH,Hughes,39
185,JOHN,Flores,34
186,JANE,Washington,41
187,DAVID,Butler,32
188,EMILY,Simmons,29
189,MICHAEL,Foster,36
190,SARAH,Gonzales,23
191,CHRISTOPHER,Bryant,40
192,JESSICA,Alexander,25
193,MATTHEW,Russell,33
194,AMANDA,Griffin,30
195,JAMES,Diaz,37
196,ASHLEY,Hayes,26
197,ROBERT,Myers,31
198,JENNIFER,Ford,39
199,DANIEL,Harrison,22
200,ASHLEY,Fisher,41
201,CHRISTOPHER,Marshall,34
202,BRIAN,Ortiz,27
203,ASHLEY,Gomez,35
204,ROBERT,Murray,24
205,JENNIFER,Gibson,31
206,ASHLEY,Wallace,38
207,MICHELLE,Stevens,37
208,RYAN,Palmer,22
209,HEATHER,Holmes,41
210,JOHN,Rice,34
211,SARAH,Barnes,29
212,CHRISTINA,Carroll,39
213,JASON,Watkins,23
214,AMBER,Crawford,30
215,DAVID,Bailey,35
216,AMY,Obrien,26
217,JAMES,Hogan,32
218,NICOLE,Atkinson,40
219,COURTNEY,Maxwell,25
220,ANTHONY,Parsons,31
221,STEPHANIE,Woods,38
222,ERIC,Franklin,27
223,LAURA,Morrison,42
224,BRANDON,Cooper,22
225,MEGAN,Hughes,39
226,SAMBATH,Flores,34
227,JOHN,Washington,41
228,JANE,Butler,32
229,DAVID,Simmons,29
230,EMILY,Foster,36
231,MICHAEL,Gonzales,23
232,SARAH,Bryant,40
233,CHRISTOPHER,Alexander,25
234,JESSICA,Russell,33
235,MATTHEW,Griffin,30
236,AMANDA,Diaz,37
237,JAMES,Hayes,26
238,ASHLEY,Myers,31
239,ROBERT,Ford,39
240,JENNIFER,Harrison,22
241,DANIEL,Fisher,41
242,ASHLEY,Marshall,34
243,CHRISTOPHER,Ortiz,27
244,BRIAN,Gomez,35
245,ASHLEY,Murray,24
246,ROBERT,Gibson,31
247,JENNIFER,Wallace,38
248,ASHLEY,Stevens,37
249,MICHELLE,Palmer,22
250,RYAN,Holmes,41
251,HEATHER,Rice,34
252,JOHN,Barnes,29
253,SARAH,Carroll,39
254,CHRISTINA,Watkins,23
255,JASON,Crawford,30
256,AMBER,Bailey,35
257,DAVID,Obrien,26
258,AMY,Hogan,32
259,JAMES,Atkinson,40
260,NICOLE,Maxwell,25
261,COURTNEY,Parsons,31
262,ANTHONY,Woods,38
263,STEPHANIE,Franklin,27
264,ERIC,Morrison,42
265,LAURA,Cooper,22
266,BRANDON,Hughes,39
267,MEGAN,Flores,34
268,SAMBATH,Washington,41
269,JOHN,Butler,32
270,JANE,Simmons,29
271,DAVID,Foster,36
272,EMILY,Gonzales,23
273,MICHAEL,Bryant,40
274,SARAH,Alexander,25
275,CHRISTOPHER,Russell,33
276,JESSICA,Griffin,30
277,MATTHEW,Diaz,37
278,AMANDA,Hayes,26
279,JAMES,Myers,31
280,ASHLEY,Ford,39
281,ROBERT,Harrison,22
282,JENNIFER,Fisher,41
283,DANIEL,Marshall,34
284,ASHLEY,Ortiz,27
285,CHRISTOPHER,Gomez,35
286,BRIAN,Murray,24
287,ASHLEY,Gibson,31
288,ROBERT,Wallace,38
289,JENNIFER,Stevens,37
290,ASHLEY,Palmer,22
291,MICHELLE,Holmes,41
292,RYAN,Rice,34
293,HEATHER,Barnes,29
294,JOHN,Carroll,39
295,SARAH,Watkins,23
296,CHRISTINA,Crawford,30
297,JASON,Bailey,35
298,AMBER,Obrien,26
299,DAVID,Hogan,32
300,AMY,Atkinson,40
301,JAMES,Maxwell,25
302,NICOLE,Parsons,31
303,COURTNEY,Woods,38
304,ANTHONY,Franklin,27
305,STEPHANIE,Morrison,42
306,ERIC,Cooper,22
307,LAURA,Hughes,39
308,BRANDON,Flores,34
309,MEGAN,Washington,41
310,SAMBATH,Butler,32
311,JOHN,Simmons,29
312,JANE,Foster,36
313,DAVID,Gonzales,23
314,EMILY,Bryant,40
315,MICHAEL,Alexander,25
316,SARAH,Russell,33
317,CHRISTOPHER,Griffin,30
318,JESSICA,Diaz,37
319,MATTHEW,Hayes,26
320,AMANDA,Myers,31
321,JAMES,Ford,39
322,ASHLEY,Harrison,22
323,ROBERT,Fisher,41
324,ASHLEY,Marshall,34
325,CHRISTOPHER,Ortiz,27
326,BRIAN,Gomez,35
327,ASHLEY,Murray,24
328,ROBERT,Gibson,31
329,JENNIFER,Wallace,38
330,ASHLEY,Stevens,37
331,MICHELLE,Palmer,22
332,RYAN,Holmes,41
333,HEATHER,Rice,34
334,JOHN,Barnes,29
335,SARAH,Carroll,39
336,CHRISTINA,Watkins,23
337,JASON,Crawford,30
338,AMBER,Bailey,35
339,DAVID,Obrien,26
340,AMY,Hogan,32
341,JAMES,Atkinson,40
342,NICOLE,Maxwell,25
343,COURTNEY,Parsons,31
344,ANTHONY,Woods,38
345,STEPHANIE,Franklin,27
346,ERIC,Morrison,42
347,LAURA,Cooper,22
348,BRANDON,Hughes,39
349,MEGAN,Flores,34
350,SAMBATH,Washington,41
351,JOHN,Butler,32
352,JANE,Simmons,29
353,DAVID,Foster,36
354,EMILY,Gonzales,23
355,MICHAEL,Bryant,40
356,SARAH,Alexander,25
357,CHRISTOPHER,Russell,33
358,JESSICA,Griffin,30
359,MATTHEW,Diaz,37
360,AMANDA,Hayes,26
361,JAMES,Myers,31
362,ASHLEY,Ford,39
363,ROBERT,Harrison,22
364,JENNIFER,Fisher,41
365,DANIEL,Marshall,34
366,ASHLEY,Ortiz,27
367,CHRISTOPHER,Gomez,35
368,BRIAN,Murray,24
369,ASHLEY,Gibson,31
370,ROBERT,Wallace,38
371,JENNIFER,Stevens,37
372,ASHLEY,Palmer,22
373,MICHELLE,Holmes,41
374,RYAN,Rice,34
375,HEATHER,Barnes,29
376,JOHN,Carroll,39
377,SARAH,Watkins,23
378,CHRISTINA,Crawford,30
379,JASON,Bailey,35
380,AMBER,Obrien,26
381,DAVID,Hogan,32
382,AMY,Atkinson,40
383,JAMES,Maxwell,25
384,NICOLE,Parsons,31
385,COURTNEY,Woods,38
386,ANTHONY,Franklin,27
387,STEPHANIE,Morrison,42
388,ERIC,Cooper,22
389,LAURA,Hughes,39
390,BRANDON,Flores,34
391,MEGAN,Washington,41
392,SAMBATH,Butler,32
393,JOHN,Simmons,29
394,JANE,Foster,36
395,DAVID,Gonzales,23
396,EMILY,Bryant,40
397,MICHAEL,Alexander,25
398,SARAH,Russell,33
399,CHRISTOPHER,Griffin,30
400,JESSICA,Diaz,37
401,MATTHEW,Hayes,26
402,AMANDA,Myers,31
403,JAMES,Ford,39
404,ASHLEY,Harrison,22
405,ROBERT,Fisher,41
406,ASHLEY,Marshall,34
407,CHRISTOPHER,Ortiz,27
408,BRIAN,Gomez,35
409,ASHLEY,Murray,24
410,ROBERT,Gibson,31
411,JENNIFER,Wallace,38
412,ASHLEY,Stevens,37
413,MICHELLE,Palmer,22
414,RYAN,Holmes,41
415,HEATHER,Rice,34
416,JOHN,Barnes,29
417,SARAH,Carroll,39
418,CHRISTINA,Watkins,23
419,JASON,Crawford,30
420,AMBER,Bailey,35
421,DAVID,Obrien,26
422,AMY,Hogan,32
423,JAMES,Atkinson,40
424,NICOLE,Maxwell,25
425,COURTNEY,Parsons,31
426,ANTHONY,Woods,38
427,STEPHANIE,Franklin,27
428,ERIC,Morrison,42
429,LAURA,Cooper,22
430,BRANDON,Hughes,39
431,MEGAN,Flores,34
432,SAMBATH,Washington,41
433,JOHN,Butler,32
434,JANE,Simmons,29
435,DAVID,Foster,36
436,EMILY,Gonzales,23
437,MICHAEL,Bryant,40
438,SARAH,Alexander,25
439,CHRISTOPHER,Russell,33
440,JESSICA,Griffin,30
441,MATTHEW,Diaz,37
442,AMANDA,Hayes,26
443,JAMES,Myers,31
444,ASHLEY,Ford,39
445,ROBERT,Harrison,22
446,JENNIFER,Fisher,41
447,DANIEL,Marshall,34
448,ASHLEY,Ortiz,27
449,CHRISTOPHER,Gomez,35
450,BRIAN,Murray,24
451,ASHLEY,Gibson,31
452,ROBERT,Wallace,38
453,JENNIFER,Stevens,37
454,ASHLEY,Palmer,22
455,MICHELLE,Holmes,41
456,RYAN,Rice,34
457,HEATHER,Barnes,29
458,JOHN,Carroll,39
459,SARAH,Watkins,23
460,CHRISTINA,Crawford,30
461,JASON,Bailey,35
462,AMBER,Obrien,26
463,DAVID,Hogan,32
464,AMY,Atkinson,40
465,JAMES,Maxwell,25
466,NICOLE,Parsons,31
467,COURTNEY,Woods,38
468,ANTHONY,Franklin,27
469,STEPHANIE,Morrison,42
470,ERIC,Cooper,22
471,LAURA,Hughes,39
472,BRANDON,Flores,34
473,MEGAN,Washington,41
474,SAMBATH,Butler,32
475,JOHN,Simmons,29
476,JANE,Foster,36
477,DAVID,Gonzales,23
478,EMILY,Bryant,40
479,MICHAEL,Alexander,25
480,SARAH,Russell,33
481,CHRISTOPHER,Griffin,30
482,JESSICA,Diaz,37
483,MATTHEW,Hayes,26
484,AMANDA,Myers,31
485,JAMES,Ford,39
486,ASHLEY,Harrison,22
487,ROBERT,Fisher,41
488,ASHLEY,Marshall,34
489,CHRISTOPHER,Ortiz,27
490,BRIAN,Gomez,35
491,ASHLEY,Murray,24
492,ROBERT,Gibson,31
493,JENNIFER,Wallace,38
494,ASHLEY,Stevens,37
495,MICHELLE,Palmer,22
496,RYAN,Holmes,41
497,HEATHER,Rice,34
498,JOHN,Barnes,29
499,SARAH,Carroll,39
500,CHRISTINA,Watkins,23
501,JASON,Crawford,30
502,AMBER,Bailey,35
503,DAVID,Obrien,26
504,AMY,Hogan,32
505,JAMES,Atkinson,40
506,NICOLE,Maxwell,25
507,COURTNEY,Parsons,31
508,ANTHONY,Woods,38
509,STEPHANIE,Franklin,27
510,ERIC,Morrison,42
511,LAURA,Cooper,22
512,BRANDON,Hughes,39
513,MEGAN,Flores,34
514,SAMBATH,Washington,41
515,JOHN,Butler,32
516,JANE,Simmons,29
517,DAVID,Foster,36
518,EMILY,Gonzales,23
519,MICHAEL,Bryant,40
520,SARAH,Alexander,25
521,CHRISTOPHER,Russell,33
522,JESSICA,Griffin,30
523,MATTHEW,Diaz,37
524,AMANDA,Hayes,26
525,JAMES,Myers,31
526,ASHLEY,Ford,39
527,ROBERT,Harrison,22
528,JENNIFER,Fisher,41
529,DANIEL,Marshall,34
530,ASHLEY,Ortiz,27
531,CHRISTOPHER,Gomez,35
532,BRIAN,Murray,24
533,ASHLEY,Gibson,31
534,ROBERT,Wallace,38
535,JENNIFER,Stevens,37
536,ASHLEY,Palmer,22
537,MICHELLE,Holmes,41
538,RYAN,Rice,34
539,HEATHER,Barnes,29
540,JOHN,Carroll,39
541,SARAH,Watkins,23
542,CHRISTINA,Crawford,30
543,JASON,Bailey,35
544,AMBER,Obrien,26
545,DAVID,Hogan,32
546,AMY,Atkinson,40
547,JAMES,Maxwell,25
548,NICOLE,Parsons,31
549,COURTNEY,Woods,38
550,ANTHONY,Franklin,27
551,STEPHANIE,Morrison,42
552,ERIC,Cooper,22
553,LAURA,Hughes,39
554,BRANDON,Flores,34
555,MEGAN,Washington,41
556,SAMBATH,Butler,32
557,JOHN,Simmons,29
558,JANE,Foster,36
559,DAVID,Gonzales,23
560,EMILY,Bryant,40
561,MICHAEL,Alexander,25
562,SARAH,Russell,33
563,CHRISTOPHER,Griffin,30
564,JESSICA,Diaz,37
565,MATTHEW,Hayes,26
566,AMANDA,Myers,31
567,JAMES,Ford,39
568,ASHLEY,Harrison,22
569,ROBERT,Fisher,41
570,ASHLEY,Marshall,34
571,CHRISTOPHER,Ortiz,27
572,BRIAN,Gomez,35
573,ASHLEY,Murray,24
574,ROBERT,Gibson,31
575,JENNIFER,Wallace,38
576,ASHLEY,Stevens,37
577,MICHELLE,Palmer,22
578,RYAN,Holmes,41
579,HEATHER,Rice,34
580,JOHN,Barnes,29
581,SARAH,Carroll,39
582,CHRISTINA,Watkins,23
583,JASON,Crawford,30
584,AMBER,Bailey,35
585,DAVID,Obrien,26
586,AMY,Hogan,32
587,JAMES,Atkinson,40
588,NICOLE,Maxwell,25
589,COURTNEY,Parsons,31
590,ANTHONY,Woods,38
591,STEPHANIE,Franklin,27
592,ERIC,Morrison,42
593,LAURA,Cooper,22
594,BRANDON,Hughes,39
595,MEGAN,Flores,34
596,SAMBATH,Washington,41
597,JOHN,Butler,32
598,JANE,Simmons,29
599,DAVID,Foster,36
600,EMILY,Gonzales,23
601,MICHAEL,Bryant,40
602,SARAH,Alexander,25
603,CHRISTOPHER,Russell,33
604,JESSICA,Griffin,30
605,MATTHEW,Diaz,37
606,AMANDA,Hayes,26
607,JAMES,Myers,31
608,ASHLEY,Ford,39
609,ROBERT,Harrison,22
610,JENNIFER,Fisher,41
611,DANIEL,Marshall,34
612,ASHLEY,Ortiz,27
613,CHRISTOPHER,Gomez,35
614,BRIAN,Murray,24
615,ASHLEY,Gibson,31
616,ROBERT,Wallace,38
617,JENNIFER,Stevens,37
618,ASHLEY,Palmer,22
619,MICHELLE,Holmes,41
620,RYAN,Rice,34
621,HEATHER,Barnes,29
622,JOHN,Carroll,39
623,SARAH,Watkins,23
624,CHRISTINA,Crawford,30
625,JASON,Bailey,35
626,AMBER,Obrien,26
627,DAVID,Hogan,32
628,AMY,Atkinson,40
629,JAMES,Maxwell,25
630,NICOLE,Parsons,31
631,COURTNEY,Woods,38
632,ANTHONY,Franklin,27
633,STEPHANIE,Morrison,42
634,ERIC,Cooper,22
635,LAURA,Hughes,39
636,BRANDON,Flores,34
637,MEGAN,Washington,41
638,SAMBATH,Butler,32
639,JOHN,Simmons,29
640,JANE,Foster,36
641,DAVID,Gonzales,23
642,EMILY,Bryant,40
643,MICHAEL,Alexander,25
644,SARAH,Russell,33
645,CHRISTOPHER,Griffin,30
646,JESSICA,Diaz,37
647,MATTHEW,Hayes,26
648,AMANDA,Myers,31
649,JAMES,Ford,39
650,ASHLEY,Harrison,22
651,ROBERT,Fisher,41
652,ASHLEY,Marshall,34
653,CHRISTOPHER,Ortiz,27
654,BRIAN,Gomez,35
655,ASHLEY,Murray,24
656,ROBERT,Gibson,31
657,JENNIFER,Wallace,38
658,ASHLEY,Stevens,37
659,MICHELLE,Palmer,22
660,RYAN,Holmes,41
661,HEATHER,Rice,34
662,JOHN,Barnes,29
663,SARAH,Carroll,39
664,CHRISTINA,Watkins,23
665,JASON,Crawford,30
666,AMBER,Bailey,35
667,DAVID,Obrien,26
668,AMY,Hogan,32
669,JAMES,Atkinson,40
670,NICOLE,Maxwell,25
671,COURTNEY,Parsons,31
672,ANTHONY,Woods,38
673,STEPHANIE,Franklin,27
674,ERIC,Morrison,42
675,LAURA,Cooper,22
676,BRANDON,Hughes,39
677,MEGAN,Flores,34
678,SAMBATH,Washington,41
679,JOHN,Butler,32
680,JANE,Simmons,29
681,DAVID,Foster,36
682,EMILY,Gonzales,23
683,MICHAEL,Bryant,40
684,SARAH,Alexander,25
685,CHRISTOPHER,Russell,33
686,JESSICA,Griffin,30
687,MATTHEW,Diaz,37
688,AMANDA,Hayes,26
689,JAMES,Myers,31
690,ASHLEY,Ford,39
691,ROBERT,Harrison,22
692,JENNIFER,Fisher,41
693,DANIEL,Marshall,34
694,ASHLEY,Ortiz,27
695,CHRISTOPHER,Gomez,35
696,BRIAN,Murray,24
697,ASHLEY,Gibson,31
698,ROBERT,Wallace,38
699,JENNIFER,Stevens,37
700,ASHLEY,Palmer,22
701,MICHELLE,Holmes,41
702,RYAN,Rice,34
703,HEATHER,Barnes,29
704,JOHN,Carroll,39
705,SARAH,Watkins,23
706,CHRISTINA,Crawford,30
707,JASON,Bailey,35
708,AMBER,Obrien,26
709,DAVID,Hogan,32
710,AMY,Atkinson,40
711,JAMES,Maxwell,25
712,NICOLE,Parsons,31
713,COURTNEY,Woods,38
714,ANTHONY,Franklin,27
715,STEPHANIE,Morrison,42
716,ERIC,Cooper,22
717,LAURA,Hughes,39
718,BRANDON,Flores,34
719,MEGAN,Washington,41
720,SAMBATH,Butler,32
721,JOHN,Simmons,29
722,JANE,Foster,36
723,DAVID,Gonzales,23
724,EMILY,Bryant,40
725,MICHAEL,Alexander,25
726,SARAH,Russell,33
727,CHRISTOPHER,Griffin,30
728,JESSICA,Diaz,37
729,MATTHEW,Hayes,26
730,AMANDA,Myers,31
731,JAMES,Ford,39
732,ASHLEY,Harrison,22
733,ROBERT,Fisher,41
734,ASHLEY,Marshall,34
735,CHRISTOPHER,Ortiz,27
736,BRIAN,Gomez,35
737,ASHLEY,Murray,24
738,ROBERT,Gibson,31
739,JENNIFER,Wallace,38
740,ASHLEY,Stevens,37
741,MICHELLE,Palmer,22
742,RYAN,Holmes,41
743,HEATHER,Rice,34
744,JOHN,Barnes,29
745,SARAH,Carroll,39
746,CHRISTINA,Watkins,23
747,JASON,Crawford,30
748,AMBER,Bailey,35
749,DAVID,Obrien,26
750,AMY,Hogan,32
751,JAMES,Atkinson,40
752,NICOLE,Maxwell,25
753,COURTNEY,Parsons,31
754,ANTHONY,Woods,38
755,STEPHANIE,Franklin,27
756,ERIC,Morrison,42
757,LAURA,Cooper,22
758,BRANDON,Hughes,39
759,MEGAN,Flores,34
760,SAMBATH,Washington,41
761,JOHN,Butler,32
762,JANE,Simmons,29
763,DAVID,Foster,36
764,EMILY,Gonzales,23
765,MICHAEL,Bryant,40
766,SARAH,Alexander,25
767,CHRISTOPHER,Russell,33
768,JESSICA,Griffin,30
769,MATTHEW,Diaz,37
770,AMANDA,Hayes,26
771,JAMES,Myers,31
772,ASHLEY,Ford,39
773,ROBERT,Harrison,22
774,JENNIFER,Fisher,41
775,DANIEL,Marshall,34
776,ASHLEY,Ortiz,27
777,CHRISTOPHER,Gomez,35
778,BRIAN,Murray,24
779,ASHLEY,Gibson,31
780,ROBERT,Wallace,38
781,JENNIFER,Stevens,37
782,ASHLEY,Palmer,22
783,MICHELLE,Holmes,41
784,RYAN,Rice,34
785,HEATHER,Barnes,29
786,JOHN,Carroll,39
787,SARAH,Watkins,23
788,CHRISTINA,Crawford,30
789,JASON,Bailey,35
790,AMBER,Obrien,26
791,DAVID,Hogan,32
792,AMY,Atkinson,40
793,JAMES,Maxwell,25
794,NICOLE,Parsons,31
795,COURTNEY,Woods,38
796,ANTHONY,Franklin,27
797,STEPHANIE,Morrison,42
798,ERIC,Cooper,22
799,LAURA,Hughes,39
800,BRANDON,Flores,34
801,MEGAN,Washington,41
802,SAMBATH,Butler,32
803,JOHN,Simmons,29
804,JANE,Foster,36
805,DAVID,Gonzales,23
806,EMILY,Bryant,40
807,MICHAEL,Alexander,25
808,SARAH,Russell,33
809,CHRISTOPHER,Griffin,30
810,JESSICA,Diaz,37
811,MATTHEW,Hayes,26
812,AMANDA,Myers,31
813,JAMES,Ford,39
814,ASHLEY,Harrison,22
815,ROBERT,Fisher,41
816,ASHLEY,Marshall,34
817,CHRISTOPHER,Ortiz,27
818,BRIAN,Gomez,35
819,ASHLEY,Murray,24
820,ROBERT,Gibson,31
821,JENNIFER,Wallace,38
822,ASHLEY,Stevens,37
823,MICHELLE,Palmer,22
824,RYAN,Holmes,41
825,HEATHER,Rice,34
826,JOHN,Barnes,29
827,SARAH,Carroll,39
828,CHRISTINA,Watkins,23
829,JASON,Crawford,30
830,AMBER,Bailey,35
831,DAVID,Obrien,26
832,AMY,Hogan,32
833,JAMES,Atkinson,40
834,NICOLE,Maxwell,25
835,COURTNEY,Parsons,31
836,ANTHONY,Woods,38
837,STEPHANIE,Franklin,27
838,ERIC,Morrison,42
839,LAURA,Cooper,22
840,BRANDON,Hughes,39
841,MEGAN,Flores,34
842,SAMBATH,Washington,41
843,JOHN,Butler,32
844,JANE,Simmons,29
845,DAVID,Foster,36
846,EMILY,Gonzales,23
847,MICHAEL,Bryant,40
848,SARAH,Alexander,25
849,CHRISTOPHER,Russell,33
850,JESSICA,Griffin,30
851,MATTHEW,Diaz,37
852,AMANDA,Hayes,26
853,JAMES,Myers,31
854,ASHLEY,Ford,39
855,ROBERT,Harrison,22
856,JENNIFER,Fisher,41
857,DANIEL,Marshall,34
858,ASHLEY,Ortiz,27
859,CHRISTOPHER,Gomez,35
860,BRIAN,Murray,24
861,ASHLEY,Gibson,31
862,ROBERT,Wallace,38
863,JENNIFER,Stevens,37
864,ASHLEY,Palmer,22
865,MICHELLE,Holmes,41
866,RYAN,Rice,34
867,HEATHER,Barnes,29
868,JOHN,Carroll,39
869,SARAH,Watkins,23
870,CHRISTINA,Crawford,30
871,JASON,Bailey,35
872,AMBER,Obrien,26
873,DAVID,Hogan,32
874,AMY,Atkinson,40
875,JAMES,Maxwell,25
876,NICOLE,Parsons,31
877,COURTNEY,Woods,38
878,ANTHONY,Franklin,27
879,STEPHANIE,Morrison,42
880,ERIC,Cooper,22
881,LAURA,Hughes,39
882,BRANDON,Flores,34
883,MEGAN,Washington,41
884,SAMBATH,Butler,32
885,JOHN,Simmons,29
886,JANE,Foster,36
887,DAVID,Gonzales,23
888,EMILY,Bryant,40
889,MICHAEL,Alexander,25
890,SARAH,Russell,33
891,CHRISTOPHER,Griffin,30
892,JESSICA,Diaz,37
893,MATTHEW,Hayes,26
894,AMANDA,Myers,31
895,JAMES,Ford,39
896,ASHLEY,Harrison,22
897,ROBERT,Fisher,41
898,ASHLEY,Marshall,34
899,CHRISTOPHER,Ortiz,27
900,BRIAN,Gomez,35
901,ASHLEY,Murray,24
902,ROBERT,Gibson,31
903,JENNIFER,Wallace,38
904,ASHLEY,Stevens,37
905,MICHELLE,Palmer,22
906,RYAN,Holmes,41
907,HEATHER,Rice,34
908,JOHN,Barnes,29
909,SARAH,Carroll,39
910,CHRISTINA,Watkins,23
911,JASON,Crawford,30
912,AMBER,Bailey,35
913,DAVID,Obrien,26
914,AMY,Hogan,32
915,JAMES,Atkinson,40
916,NICOLE,Maxwell,25
917,COURTNEY,Parsons,31
918,ANTHONY,Woods,38
919,STEPHANIE,Franklin,27
920,ERIC,Morrison,42
921,LAURA,Cooper,22
922,BRANDON,Hughes,39
923,MEGAN,Flores,34
924,SAMBATH,Washington,41
925,JOHN,Butler,32
926,JANE,Simmons,29
927,DAVID,Foster,36
928,EMILY,Gonzales,23
929,MICHAEL,Bryant,40
930,SARAH,Alexander,25
931,CHRISTOPHER,Russell,33
932,JESSICA,Griffin,30
933,MATTHEW,Diaz,37
934,AMANDA,Hayes,26
935,JAMES,Myers,31
936,ASHLEY,Ford,39
937,ROBERT,Harrison,22
938,JENNIFER,Fisher,41
939,DANIEL,Marshall,34
940,ASHLEY,Ortiz,27
941,CHRISTOPHER,Gomez,35
942,BRIAN,Murray,24
943,ASHLEY,Gibson,31
944,ROBERT,Wallace,38
945,JENNIFER,Stevens,37
946,ASHLEY,Palmer,22
947,MICHELLE,Holmes,41
948,RYAN,Rice,34
949,HEATHER,Barnes,29
950,JOHN,Carroll,39
951,SARAH,Watkins,23
952,CHRISTINA,Crawford,30
953,JASON,Bailey,35
954,AMBER,Obrien,26
955,DAVID,Hogan,32
956,AMY,Atkinson,40
957,JAMES,Maxwell,25
958,NICOLE,Parsons,31
959,COURTNEY,Woods,38
960,ANTHONY,Franklin,27
961,STEPHANIE,Morrison,42
962,ERIC,Cooper,22
963,LAURA,Hughes,39
964,BRANDON,Flores,34
965,MEGAN,Washington,41
966,SAMBATH,Butler,32
967,JOHN,Simmons,29
968,JANE,Foster,36
969,DAVID,Gonzales,23
970,EMILY,Bryant,40
971,MICHAEL,Alexander,25
972,SARAH,Russell,33
973,CHRISTOPHER,Griffin,30
974,JESSICA,Diaz,37
975,MATTHEW,Hayes,26
976,AMANDA,Myers,31
977,JAMES,Ford,39
978,ASHLEY,Harrison,22
979,ROBERT,Fisher,41
980,ASHLEY,Marshall,34
981,CHRISTOPHER,Ortiz,27
982,BRIAN,Gomez,35
983,ASHLEY,Murray,24
984,ROBERT,Gibson,31
985,JENNIFER,Wallace,38
986,ASHLEY,Stevens,37
987,MICHELLE,Palmer,22
988,RYAN,Holmes,41
989,HEATHER,Rice,34
990,JOHN,Barnes,29
991,SARAH,Carroll,39
992,CHRISTINA,Watkins,23
993,JASON,Crawford,30
994,AMBER,Bailey,35
995,DAVID,Obrien,26
996,AMY,Hogan,32
997,JAMES,Atkinson,40
998,NICOLE,Maxwell,25
999,COURTNEY,Parsons,31
1000,ANTHONY,Woods,38
